<?xml version="1.0" encoding="UTF-8"?>
<project-private xmlns="http://www.netbeans.org/ns/project-private/1">
    <editor-bookmarks xmlns="http://www.netbeans.org/ns/editor-bookmarks/2" lastBookmarkId="0"/>
    <open-files xmlns="http://www.netbeans.org/ns/projectui-open-files/2">
        <group>
            <file>file:/Volumes/SSD2/2021-1/Poo/Aula11-29-04-21/SalaP3/src/salap/Principal.java</file>
            <file>file:/Volumes/SSD2/2021-1/Poo/Aula11-29-04-21/SalaP3/src/entidade/Retangulo.java</file>
            <file>file:/Volumes/SSD2/2021-1/Poo/Aula11-29-04-21/SalaP3/src/entidade/Forma.java</file>
            <file>file:/Volumes/SSD2/2021-1/Poo/Aula11-29-04-21/SalaP3/src/entidade/Circulo.java</file>
        </group>
    </open-files>
</project-private>
